student_id,gender,race_ethnicity,parental_level_of_education,lunch,test_preparation_course_completed,math_score,reading_score,writing_score
1,Female,Group B,Bachelor's Degree,Standard,No,72,72,74
2,Female,Group C,Associate's Degree,Standard,Yes,69,90,88
3,Female,Group B,Master's Degree,Standard,No,90,95,93
4,Male,Group A,Associate's Degree,Free/Reduced,No,47,57,44
5,Male,Group C,Associate's Degree,Standard,No,76,78,75
6,Female,Group B,Associate's Degree,Standard,No,71,83,78
7,Female,Group B,Associate's Degree,Standard,Yes,88,95,92
8,Male,Group B,Associate's Degree,Free/Reduced,No,40,43,39
9,Male,Group D,High School,Free/Reduced,Yes,64,64,67
10,Female,Group B,High School,Free/Reduced,No,38,60,50
11,Male,Group C,Associate's Degree,Standard,No,58,54,52
12,Male,Group D,Associate's Degree,Standard,No,40,52,43
13,Female,Group B,High School,Standard,No,65,81,73
14,Male,Group A,Associate's Degree,Standard,Yes,78,72,70
15,Female,Group A,Master's Degree,Standard,No,50,53,58
16,Female,Group C,High School,Standard,No,69,75,78
17,Male,Group C,High School,Standard,No,88,89,86
18,Female,Group B,High School,Free/Reduced,No,18,32,28
19,Male,Group C,Master's Degree,Free/Reduced,Yes,46,42,46
20,Female,Group C,Associate's Degree,Free/Reduced,No,54,58,61
21,Male,Group D,High School,Standard,No,66,69,63
22,Female,Group B,Associate's Degree,Free/Reduced,Yes,65,75,70
23,Male,Group D,Associate's Degree,Standard,No,44,54,53
24,Female,Group C,High School,Standard,No,69,73,73
25,Male,Group D,Bachelor's Degree,Free/Reduced,Yes,74,71,80
26,Male,Group A,Master's Degree,Free/Reduced,No,73,74,72
27,Male,Group B,Associate's Degree,Standard,No,69,54,55
28,Female,Group C,Bachelor's Degree,Standard,No,67,69,75
29,Male,Group C,High School,Standard,No,70,70,65
30,Female,Group D,Master's Degree,Standard,No,62,70,75
31,Female,Group D,Associate's Degree,Standard,No,69,74,74
32,Female,Group B,Associate's Degree,Standard,No,63,65,61
33,Female,Group E,Master's Degree,Free/Reduced,No,56,72,65
34,Male,Group D,Associate's Degree,Standard,No,40,42,38
35,Male,Group E,Associate's Degree,Standard,No,97,87,82
36,Male,Group E,Associate's Degree,Standard,Yes,81,81,79
37,Female,Group D,Associate's Degree,Standard,No,74,81,83
38,Female,Group D,High School,Free/Reduced,No,50,64,59
39,Female,Group D,Associate's Degree,Free/Reduced,Yes,75,90,88
40,Male,Group B,Associate's Degree,Free/Reduced,No,57,56,57
41,Male,Group C,Associate's Degree,Free/Reduced,No,55,61,54
42,Female,Group C,Associate's Degree,Standard,No,58,73,68
43,Female,Group B,Associate's Degree,Standard,No,53,58,65
44,Male,Group B,Associate's Degree,Free/Reduced,Yes,59,65,66
45,Female,Group E,Associate's Degree,Free/Reduced,No,50,56,54
46,Male,Group B,Associate's Degree,Standard,No,65,54,57
47,Female,Group A,Associate's Degree,Standard,Yes,55,65,62
48,Female,Group C,High School,Standard,No,66,71,76
49,Female,Group D,Associate's Degree,Free/Reduced,Yes,57,74,76
50,Male,Group C,High School,Standard,Yes,82,84,82
51,Male,Group E,Associate's Degree,Standard,No,53,55,48
52,Male,Group E,Associate's Degree,Free/Reduced,Yes,77,69,68
53,Male,Group C,Associate's Degree,Standard,No,53,44,42
54,Male,Group D,High School,Standard,No,88,78,75
55,Female,Group C,High School,Free/Reduced,Yes,71,84,87
56,Female,Group C,High School,Free/Reduced,No,33,41,43
57,Female,Group E,Associate's Degree,Standard,Yes,82,85,86
58,Male,Group D,Associate's Degree,Standard,No,52,55,49
59,Male,Group D,Associate's Degree,Standard,Yes,58,59,58
60,Female,Group C,High School,Free/Reduced,No,0,17,10
61,Male,Group E,Bachelor's Degree,Free/Reduced,Yes,79,74,72
62,Male,Group A,High School,Free/Reduced,No,39,39,34
63,Male,Group A,Associate's Degree,Free/Reduced,No,62,61,55
64,Female,Group C,Associate's Degree,Standard,No,69,80,71
65,Female,Group D,High School,Standard,No,59,58,59
66,Male,Group B,High School,Standard,No,67,64,61
67,Male,Group D,High School,Free/Reduced,No,45,37,37
68,Female,Group C,Associate's Degree,Standard,No,60,72,74
69,Male,Group B,Associate's Degree,Free/Reduced,No,61,58,56
70,Female,Group C,Associate's Degree,Standard,No,39,64,57
71,Female,Group D,Associate's Degree,Free/Reduced,Yes,58,63,73
72,Male,Group D,Associate's Degree,Standard,Yes,63,55,63
73,Female,Group A,Associate's Degree,Free/Reduced,No,41,51,48
74,Male,Group C,High School,Free/Reduced,No,61,57,56
75,Male,Group C,High School,Standard,No,49,49,41
76,Male,Group B,Associate's Degree,Free/Reduced,No,44,41,38
77,Male,Group E,High School,Standard,No,30,26,22
78,Male,Group A,Bachelor's Degree,Standard,Yes,80,78,81
79,Female,Group D,High School,Standard,Yes,61,74,72
80,Female,Group E,Master's Degree,Standard,No,62,68,68
81,Female,Group B,Associate's Degree,Standard,No,47,49,50
82,Male,Group B,High School,Free/Reduced,No,49,45,45
83,Male,Group A,Associate's Degree,Free/Reduced,Yes,50,47,54
84,Male,Group E,Associate's Degree,Standard,No,72,64,63
85,Male,Group D,High School,Free/Reduced,No,42,39,34
86,Female,Group C,Associate's Degree,Standard,No,73,80,82
87,Female,Group C,Associate's Degree,Free/Reduced,No,76,83,88
88,Female,Group D,Associate's Degree,Standard,No,71,71,74
89,Female,Group A,Associate's Degree,Standard,No,58,70,67
90,Female,Group D,High School,Standard,No,73,86,82
91,Female,Group C,Bachelor's Degree,Standard,No,65,72,74
92,Male,Group C,High School,Free/Reduced,No,27,34,36
93,Male,Group C,High School,Standard,No,71,79,71
94,Male,Group C,Associate's Degree,Free/Reduced,Yes,43,45,50
95,Female,Group B,Associate's Degree,Standard,No,79,86,92
96,Male,Group C,Associate's Degree,Free/Reduced,Yes,78,81,82
97,Male,Group B,High School,Standard,Yes,65,66,62
98,Female,Group E,Associate's Degree,Standard,Yes,63,72,70
99,Female,Group D,Associate's Degree,Free/Reduced,No,58,67,62
100,Female,Group D,Bachelor's Degree,Standard,No,65,67,62
101,Male,Group B,Associate's Degree,Standard,No,79,67,67
102,Male,Group D,Bachelor's Degree,Standard,Yes,68,74,74
103,Female,Group D,Associate's Degree,Standard,No,85,91,89
104,Male,Group B,High School,Standard,Yes,60,44,47
105,Male,Group C,Associate's Degree,Standard,Yes,98,86,90
106,Female,Group C,Associate's Degree,Standard,No,58,67,72
107,Female,Group D,Master's Degree,Standard,No,87,100,100
108,Male,Group E,Associate's Degree,Standard,Yes,66,63,64
109,Female,Group B,Associate's Degree,Free/Reduced,No,52,76,70
110,Female,Group B,High School,Standard,No,70,64,72
111,Female,Group D,Associate's Degree,Free/Reduced,Yes,77,89,98
112,Male,Group C,High School,Standard,No,62,55,49
113,Male,Group A,Associate's Degree,Standard,No,54,53,47
114,Female,Group D,Associate's Degree,Standard,No,51,58,54
115,Female,Group E,Bachelor's Degree,Standard,Yes,99,100,100
116,Male,Group C,High School,Standard,No,84,77,74
117,Female,Group B,Bachelor's Degree,Free/Reduced,No,75,85,82
118,Female,Group D,Bachelor's Degree,Standard,No,78,82,79
119,Female,Group D,High School,Standard,No,51,63,61
120,Female,Group C,Associate's Degree,Standard,No,55,69,65
121,Female,Group C,Bachelor's Degree,Standard,Yes,79,92,89
122,Male,Group B,Associate's Degree,Standard,Yes,91,89,92
123,Female,Group C,Associate's Degree,Standard,Yes,88,93,93
124,Male,Group D,High School,Free/Reduced,No,63,57,56
125,Male,Group E,Associate's Degree,Standard,No,83,80,73
126,Female,Group B,High School,Standard,No,87,95,86
127,Male,Group B,High School,Standard,No,72,68,67
128,Male,Group D,Associate's Degree,Standard,Yes,65,77,74
129,Male,Group D,Master's Degree,Standard,No,82,82,74
130,Female,Group A,Bachelor's Degree,Standard,No,51,49,51
131,Male,Group D,Master's Degree,Standard,No,89,84,82
132,Male,Group C,High School,Free/Reduced,Yes,53,37,40
133,Male,Group E,Associate's Degree,Free/Reduced,Yes,87,74,70
134,Female,Group C,Associate's Degree,Standard,Yes,75,81,84
135,Male,Group D,Bachelor's Degree,Free/Reduced,Yes,74,79,75
136,Male,Group C,Bachelor's Degree,Standard,No,58,55,48
137,Male,Group B,High School,Standard,Yes,51,54,41
138,Male,Group E,High School,Standard,No,70,55,56
139,Female,Group C,Associate's Degree,Standard,No,59,66,67
140,Male,Group D,Associate's Degree,Standard,Yes,71,61,69
141,Female,Group D,High School,Standard,No,76,72,71
142,Female,Group C,Associate's Degree,Free/Reduced,No,59,62,64
143,Female,Group E,Associate's Degree,Free/Reduced,Yes,42,55,54
144,Male,Group A,High School,Standard,No,57,43,47
145,Male,Group D,Associate's Degree,Standard,No,88,73,78
146,Female,Group C,Associate's Degree,Free/Reduced,No,22,39,33
147,Male,Group B,High School,Standard,No,88,84,75
148,Male,Group C,Associate's Degree,Free/Reduced,No,73,68,66
149,Female,Group D,Bachelor's Degree,Standard,Yes,68,75,81
150,Male,Group E,Associate's Degree,Free/Reduced,Yes,100,100,93
151,Male,Group A,High School,Standard,Yes,62,67,69
152,Male,Group A,Bachelor's Degree,Standard,No,77,67,68
153,Female,Group B,Associate's Degree,Standard,Yes,59,70,66
154,Male,Group D,Bachelor's Degree,Standard,No,54,49,47
155,Male,Group D,High School,Standard,No,62,67,61
156,Female,Group C,Associate's Degree,Standard,Yes,70,89,88
157,Female,Group E,High School,Free/Reduced,Yes,66,74,78
158,Male,Group B,Associate's Degree,Free/Reduced,No,60,60,60
159,Female,Group B,Associate's Degree,Standard,Yes,61,86,87
160,Male,Group D,Associate's Degree,Free/Reduced,No,66,62,64
161,Male,Group B,Associate's Degree,Free/Reduced,Yes,82,78,74
162,Female,Group E,Associate's Degree,Free/Reduced,Yes,75,88,85
163,Male,Group B,Master's Degree,Free/Reduced,No,49,53,52
164,Male,Group C,High School,Standard,No,52,53,49
165,Female,Group E,Master's Degree,Standard,No,81,92,91
166,Female,Group C,Bachelor's Degree,Standard,Yes,96,100,100
167,Male,Group C,High School,Free/Reduced,Yes,53,51,51
168,Female,Group B,Master's Degree,Free/Reduced,Yes,58,76,78
169,Female,Group B,High School,Standard,Yes,68,83,78
170,Female,Group C,Associate's Degree,Free/Reduced,Yes,67,75,70
171,Male,Group A,High School,Standard,Yes,72,73,74
172,Male,Group E,High School,Standard,No,94,88,78
173,Female,Group D,Associate's Degree,Standard,No,79,86,81
174,Female,Group C,Associate's Degree,Standard,No,63,67,70
175,Female,Group C,Bachelor's Degree,Free/Reduced,Yes,43,51,54
176,Female,Group C,Master's Degree,Standard,Yes,81,91,87
177,Female,Group B,High School,Free/Reduced,Yes,46,54,58
178,Female,Group C,Associate's Degree,Standard,Yes,71,77,77
179,Female,Group B,Master's Degree,Free/Reduced,Yes,52,70,62
180,Female,Group D,High School,Standard,Yes,97,100,100
181,Male,Group C,Master's Degree,Free/Reduced,Yes,62,68,75
182,Female,Group C,Associate's Degree,Free/Reduced,No,46,64,66
183,Female,Group E,High School,Standard,No,50,50,47
184,Female,Group D,Associate's Degree,Standard,No,65,69,70
185,Male,Group C,High School,Free/Reduced,Yes,45,52,49
186,Male,Group C,Associate's Degree,Free/Reduced,Yes,65,67,65
187,Male,Group E,High School,Standard,No,80,76,65
188,Male,Group D,High School,Standard,Yes,62,66,68
189,Male,Group B,High School,Free/Reduced,No,48,52,45
190,Female,Group C,Bachelor's Degree,Standard,No,77,88,87
191,Female,Group E,Associate's Degree,Standard,No,66,65,69
192,Male,Group D,Associate's Degree,Standard,Yes,76,83,79
193,Female,Group B,High School,Standard,No,62,64,66
194,Male,Group D,Associate's Degree,Standard,Yes,77,62,62
195,Female,Group C,Master's Degree,Standard,Yes,69,84,85
196,Male,Group D,Associate's Degree,Standard,No,61,55,52
197,Male,Group C,High School,Free/Reduced,Yes,59,69,65
198,Male,Group E,High School,Free/Reduced,No,55,56,51
199,Female,Group B,Associate's Degree,Free/Reduced,No,45,53,55
200,Female,Group B,Bachelor's Degree,Free/Reduced,No,78,79,76
201,Female,Group C,Associate's Degree,Standard,Yes,67,84,86
202,Female,Group D,Associate's Degree,Free/Reduced,No,65,81,77
203,Male,Group C,Associate's Degree,Standard,No,69,77,69
204,Female,Group B,Associate's Degree,Standard,No,57,69,68
205,Male,Group C,Associate's Degree,Standard,No,59,41,42
206,Male,Group D,High School,Standard,Yes,74,71,78
207,Male,Group E,Bachelor's Degree,Standard,No,82,62,62
208,Male,Group E,High School,Standard,Yes,81,80,76
209,Female,Group B,Associate's Degree,Free/Reduced,No,74,81,76
210,Female,Group B,Associate's Degree,Free/Reduced,No,58,61,66
211,Male,Group D,High School,Free/Reduced,Yes,80,79,79
212,Male,Group C,Associate's Degree,Free/Reduced,No,35,28,27
213,Female,Group C,High School,Free/Reduced,No,42,62,60
214,Male,Group C,Associate's Degree,Free/Reduced,Yes,60,51,56
215,Male,Group E,High School,Standard,Yes,87,91,81
216,Male,Group B,High School,Standard,Yes,84,83,75
217,Female,Group E,Associate's Degree,Free/Reduced,Yes,83,86,88
218,Female,Group C,High School,Free/Reduced,No,34,42,39
219,Male,Group B,High School,Free/Reduced,No,66,77,70
220,Male,Group B,High School,Standard,Yes,61,56,56
221,Female,Group D,High School,Standard,Yes,56,68,74
222,Male,Group B,Associate's Degree,Standard,No,87,85,73
223,Female,Group C,High School,Free/Reduced,No,55,65,62
224,Male,Group D,High School,Standard,No,86,80,75
225,Female,Group B,Associate's Degree,Standard,Yes,52,66,73
226,Female,Group E,Master's Degree,Free/Reduced,No,45,56,54
227,Female,Group C,Associate's Degree,Standard,No,72,72,71
228,Male,Group D,High School,Standard,No,57,50,54
229,Male,Group A,High School,Free/Reduced,No,68,72,64
230,Female,Group C,Associate's Degree,Standard,Yes,88,95,94
231,Male,Group D,Associate's Degree,Standard,No,76,64,66
232,Male,Group C,Associate's Degree,Standard,No,46,43,42
233,Female,Group B,Bachelor's Degree,Standard,No,67,86,83
234,Male,Group E,High School,Standard,No,92,87,78
235,Male,Group C,Bachelor's Degree,Standard,Yes,83,82,84
236,Male,Group D,Associate's Degree,Standard,No,80,75,77
237,Male,Group D,Bachelor's Degree,Free/Reduced,No,63,66,67
238,Female,Group D,High School,Standard,Yes,64,60,74
239,Male,Group B,Associate's Degree,Standard,No,54,52,51
240,Male,Group C,Associate's Degree,Standard,No,84,80,80
241,Male,Group D,High School,Free/Reduced,Yes,73,68,66
242,Female,Group E,Bachelor's Degree,Standard,No,80,83,83
243,Female,Group D,High School,Standard,No,56,52,55
244,Male,Group E,Associate's Degree,Standard,No,59,51,43
245,Male,Group D,High School,Standard,No,75,74,69
246,Male,Group C,Associate's Degree,Standard,No,85,76,71
247,Male,Group E,Associate's Degree,Standard,No,89,76,74
248,Female,Group B,High School,Standard,Yes,58,70,68
249,Female,Group B,High School,Standard,No,65,64,62
250,Male,Group C,High School,Standard,No,68,60,53
251,Male,Group A,High School,Standard,Yes,47,49,49
252,Female,Group D,Associate's Degree,Free/Reduced,No,71,83,83
253,Female,Group B,High School,Standard,Yes,60,70,70
254,Male,Group D,Master's Degree,Standard,No,80,80,72
255,Male,Group D,High School,Standard,No,54,52,52
256,Female,Group E,Associate's Degree,Standard,No,62,73,70
257,Female,Group C,Associate's Degree,Free/Reduced,No,64,73,68
258,Male,Group C,Associate's Degree,Standard,Yes,78,77,77
259,Female,Group B,Associate's Degree,Standard,No,70,75,78
260,Female,Group C,Master's Degree,Free/Reduced,Yes,65,81,81
261,Female,Group C,High School,Free/Reduced,Yes,64,79,77
262,Male,Group C,Associate's Degree,Standard,Yes,79,79,78
263,Female,Group C,High School,Free/Reduced,No,44,50,51
264,Female,Group E,High School,Standard,No,99,93,90
265,Male,Group D,High School,Standard,No,76,73,68
266,Male,Group D,High School,Free/Reduced,No,59,42,41
267,Female,Group C,Bachelor's Degree,Standard,No,63,75,81
268,Female,Group D,High School,Standard,No,69,72,77
269,Female,Group D,Associate's Degree,Standard,Yes,88,92,95
270,Female,Group E,Associate's Degree,Free/Reduced,No,71,76,70
271,Male,Group C,Bachelor's Degree,Standard,No,69,63,61
272,Male,Group C,Associate's Degree,Standard,No,58,49,42
273,Female,Group D,Associate's Degree,Free/Reduced,No,47,53,58
274,Female,Group D,Associate's Degree,Standard,No,65,70,71
275,Male,Group B,Associate's Degree,Standard,Yes,88,85,76
276,Male,Group C,Bachelor's Degree,Standard,No,83,78,73
277,Female,Group C,High School,Standard,Yes,85,92,93
278,Female,Group E,High School,Standard,Yes,59,63,75
279,Female,Group C,High School,Free/Reduced,No,65,86,80
280,Male,Group B,Bachelor's Degree,Free/Reduced,No,73,56,57
281,Male,Group D,High School,Standard,No,53,52,42
282,Male,Group D,High School,Standard,No,45,48,46
283,Female,Group D,Bachelor's Degree,Free/Reduced,No,73,79,84
284,Female,Group D,Associate's Degree,Free/Reduced,Yes,70,78,78
285,Female,Group B,High School,Standard,No,37,46,46
286,Male,Group B,Associate's Degree,Standard,Yes,81,82,82
287,Male,Group E,Associate's Degree,Standard,Yes,97,82,88
288,Female,Group B,High School,Standard,No,67,89,82
289,Male,Group B,Bachelor's Degree,Free/Reduced,No,88,75,76
290,Male,Group E,High School,Standard,Yes,77,76,77
291,Male,Group C,Associate's Degree,Standard,No,76,70,68
292,Male,Group D,High School,Standard,No,86,73,70
293,Male,Group C,High School,Standard,Yes,63,60,57
294,Female,Group E,Bachelor's Degree,Standard,No,65,73,75
295,Male,Group D,High School,Free/Reduced,Yes,78,77,80
296,Male,Group B,Associate's Degree,Free/Reduced,No,67,62,60
297,Male,Group A,High School,Standard,Yes,46,41,43
298,Male,Group E,Associate's Degree,Standard,Yes,71,74,68
299,Male,Group C,High School,Free/Reduced,Yes,40,46,50
300,Male,Group D,Associate's Degree,Free/Reduced,No,90,87,75
301,Male,Group A,Associate's Degree,Free/Reduced,Yes,81,78,81
302,Male,Group D,High School,Free/Reduced,No,56,54,52
303,Female,Group C,Associate's Degree,Standard,Yes,67,84,81
304,Male,Group B,Associate's Degree,Standard,No,80,76,64
305,Female,Group C,Associate's Degree,Standard,Yes,74,75,83
306,Male,Group A,Associate's Degree,Standard,No,69,67,69
307,Male,Group E,Associate's Degree,Standard,Yes,99,87,81
308,Male,Group C,High School,Standard,No,51,52,44
309,Female,Group B,Associate's Degree,Free/Reduced,No,53,71,67
310,Female,Group D,High School,Free/Reduced,No,49,57,52
311,Female,Group B,Associate's Degree,Standard,No,73,76,80
312,Male,Group B,Bachelor's Degree,Standard,No,66,60,57
313,Male,Group D,Bachelor's Degree,Standard,Yes,67,61,68
314,Female,Group C,Associate's Degree,Free/Reduced,Yes,68,67,69
315,Female,Group C,Bachelor's Degree,Standard,Yes,59,64,75
316,Male,Group C,High School,Standard,No,71,66,65
317,Female,Group D,Master's Degree,Standard,Yes,77,82,91
318,Male,Group C,Associate's Degree,Standard,No,83,72,78
319,Male,Group B,Bachelor's Degree,Standard,No,63,71,69
320,Female,Group D,Associate's Degree,Free/Reduced,No,56,65,63
321,Female,Group C,High School,Free/Reduced,Yes,67,79,84
322,Female,Group E,High School,Standard,No,75,86,79
323,Female,Group C,Associate's Degree,Standard,No,71,81,80
324,Female,Group C,High School,Free/Reduced,No,43,53,53
325,Female,Group C,High School,Free/Reduced,No,41,46,43
326,Female,Group C,Associate's Degree,Standard,No,82,90,94
327,Male,Group C,Associate's Degree,Standard,No,61,61,62
328,Male,Group A,Associate's Degree,Free/Reduced,No,28,23,19
329,Male,Group C,Associate's Degree,Standard,Yes,82,75,77
330,Female,Group B,High School,Standard,No,41,55,51
331,Male,Group C,High School,Standard,No,71,60,61
332,Male,Group C,Associate's Degree,Standard,No,47,37,35
333,Male,Group E,Associate's Degree,Standard,Yes,62,56,53
334,Male,Group B,Associate's Degree,Standard,No,90,78,81
335,Female,Group C,Bachelor's Degree,Standard,No,83,93,95
336,Female,Group B,Associate's Degree,Free/Reduced,No,61,68,66
337,Male,Group D,High School,Standard,Yes,76,70,69
338,Male,Group C,Associate's Degree,Standard,No,49,51,43
339,Female,Group B,High School,Free/Reduced,No,24,38,27
340,Female,Group D,High School,Free/Reduced,Yes,35,55,60
341,Male,Group C,High School,Free/Reduced,No,58,61,52
342,Female,Group C,High School,Standard,No,61,73,63
343,Female,Group B,High School,Standard,Yes,69,76,74
344,Male,Group D,Associate's Degree,Standard,Yes,67,72,67
345,Male,Group D,Associate's Degree,Standard,No,79,73,67
346,Female,Group C,High School,Standard,No,72,80,75
347,Male,Group B,Associate's Degree,Standard,No,62,61,57
348,Female,Group C,Bachelor's Degree,Standard,Yes,77,94,95
349,Male,Group D,High School,Free/Reduced,No,75,74,66
350,Male,Group E,Associate's Degree,Standard,No,87,74,76
351,Female,Group B,Bachelor's Degree,Standard,No,52,65,69
352,Male,Group E,Associate's Degree,Standard,No,66,57,52
353,Female,Group C,Associate's Degree,Standard,Yes,63,78,80
354,Female,Group C,Associate's Degree,Standard,No,46,58,57
355,Female,Group C,Associate's Degree,Standard,No,59,71,70
356,Female,Group B,Bachelor's Degree,Standard,No,61,72,70
357,Male,Group A,Associate's Degree,Standard,No,63,61,61
358,Female,Group C,Associate's Degree,Free/Reduced,Yes,42,66,69
359,Male,Group D,Associate's Degree,Free/Reduced,No,59,62,61
360,Female,Group D,Associate's Degree,Standard,No,80,90,89
361,Female,Group B,High School,Standard,No,58,62,59
362,Male,Group B,High School,Standard,Yes,85,84,78
363,Female,Group C,Associate's Degree,Standard,No,52,58,58
364,Female,Group D,High School,Free/Reduced,No,27,34,32
365,Male,Group C,Associate's Degree,Standard,No,59,60,58
366,Male,Group A,Bachelor's Degree,Free/Reduced,Yes,49,58,60
367,Male,Group C,High School,Standard,Yes,69,58,53
368,Male,Group C,Bachelor's Degree,Free/Reduced,No,61,66,61
369,Female,Group A,High School,Free/Reduced,No,44,64,58
370,Female,Group D,High School,Standard,No,73,84,85
371,Male,Group E,Associate's Degree,Standard,No,84,77,71
372,Female,Group C,Associate's Degree,Free/Reduced,Yes,45,73,70
373,Male,Group D,High School,Standard,No,74,74,72
374,Female,Group D,Associate's Degree,Standard,Yes,82,97,96
375,Female,Group D,Bachelor's Degree,Standard,No,59,70,73
376,Male,Group E,Associate's Degree,Free/Reduced,No,46,43,41
377,Female,Group D,High School,Standard,No,80,90,82
378,Female,Group D,Master's Degree,Free/Reduced,Yes,85,95,100
379,Female,Group A,High School,Standard,No,71,83,77
380,Male,Group A,Bachelor's Degree,Standard,No,66,64,62
381,Female,Group B,Associate's Degree,Standard,No,80,86,83
382,Male,Group C,Associate's Degree,Standard,Yes,87,100,95
383,Male,Group C,Master's Degree,Free/Reduced,No,79,81,71
384,Female,Group E,High School,Free/Reduced,No,38,49,45
385,Female,Group A,High School,Free/Reduced,No,38,43,43
386,Female,Group E,Associate's Degree,Standard,No,67,76,75
387,Female,Group E,Bachelor's Degree,Standard,No,64,73,70
388,Female,Group C,Associate's Degree,Free/Reduced,No,57,78,67
389,Female,Group D,High School,Standard,No,62,64,64
390,Male,Group D,Master's Degree,Standard,No,73,70,75
391,Male,Group E,High School,Free/Reduced,Yes,73,67,59
392,Female,Group D,Associate's Degree,Standard,No,77,68,77
393,Male,Group E,Associate's Degree,Standard,No,76,67,67
394,Male,Group C,Associate's Degree,Standard,Yes,57,54,56
395,Female,Group C,High School,Standard,Yes,65,74,77
396,Male,Group A,High School,Free/Reduced,No,48,45,41
397,Female,Group B,High School,Free/Reduced,No,50,67,63
398,Female,Group C,Associate's Degree,Standard,No,85,89,95
399,Male,Group B,High School,Standard,No,74,63,57
400,Male,Group D,High School,Standard,No,60,59,54
401,Female,Group C,High School,Standard,Yes,59,54,67
402,Male,Group A,Associate's Degree,Standard,No,53,43,43
403,Female,Group A,Associate's Degree,Free/Reduced,No,49,65,55
404,Female,Group D,High School,Standard,Yes,88,99,100
405,Female,Group C,High School,Standard,No,54,59,62
406,Female,Group C,High School,Standard,No,63,73,68
407,Male,Group B,Associate's Degree,Standard,Yes,65,65,63
408,Female,Group B,Associate's Degree,Standard,No,82,80,77
409,Female,Group D,High School,Free/Reduced,Yes,52,57,56
410,Male,Group D,Associate's Degree,Standard,Yes,87,84,85
411,Female,Group D,Master's Degree,Standard,Yes,70,71,74
412,Male,Group E,Associate's Degree,Standard,Yes,84,83,78
413,Male,Group D,Associate's Degree,Standard,No,71,66,60
414,Male,Group B,High School,Standard,Yes,63,67,67
415,Female,Group C,Bachelor's Degree,Free/Reduced,Yes,51,72,79
416,Male,Group E,High School,Standard,No,84,73,69
417,Male,Group C,Bachelor's Degree,Standard,Yes,71,74,68
418,Male,Group C,Associate's Degree,Standard,No,74,73,67
419,Male,Group D,Associate's Degree,Standard,No,68,59,62
420,Male,Group E,High School,Free/Reduced,Yes,57,56,54
421,Female,Group C,Associate's Degree,Free/Reduced,Yes,82,93,93
422,Female,Group D,High School,Standard,Yes,57,58,64
423,Female,Group D,Master's Degree,Free/Reduced,Yes,47,58,67
424,Female,Group A,High School,Standard,Yes,59,85,80
425,Male,Group B,Associate's Degree,Free/Reduced,No,41,39,34
426,Female,Group C,Associate's Degree,Free/Reduced,No,62,67,62
427,Male,Group C,Bachelor's Degree,Standard,No,86,83,86
428,Male,Group C,High School,Free/Reduced,No,69,71,65
429,Male,Group A,High School,Free/Reduced,No,65,59,53
430,Male,Group C,High School,Free/Reduced,No,68,63,54
431,Male,Group C,Associate's Degree,Free/Reduced,No,64,66,59
432,Female,Group C,High School,Standard,No,61,72,70
433,Male,Group C,High School,Standard,No,61,56,55
434,Female,Group A,High School,Free/Reduced,No,47,59,50
435,Male,Group C,High School,Standard,No,73,66,66
436,Male,Group C,Associate's Degree,Free/Reduced,Yes,50,48,53
437,Male,Group D,Associate's Degree,Standard,No,75,68,64
438,Male,Group D,Associate's Degree,Free/Reduced,No,75,66,73
439,Male,Group C,High School,Standard,No,70,56,51
440,Male,Group D,High School,Standard,Yes,89,88,82
441,Female,Group C,Associate's Degree,Standard,Yes,67,81,79
442,Female,Group D,High School,Standard,No,78,81,80
443,Female,Group A,High School,Free/Reduced,No,59,73,69
444,Female,Group B,Associate's Degree,Standard,No,73,83,76
445,Male,Group A,High School,Free/Reduced,No,79,82,73
446,Female,Group C,High School,Standard,Yes,67,74,77
447,Male,Group D,Associate's Degree,Free/Reduced,No,69,66,60
448,Male,Group C,High School,Standard,Yes,86,81,80
449,Male,Group B,High School,Standard,No,47,46,42
450,Male,Group B,Associate's Degree,Standard,No,81,73,72
451,Female,Group C,Associate's Degree,Free/Reduced,Yes,64,85,85
452,Female,Group E,Associate's Degree,Standard,No,100,92,97
453,Female,Group C,Associate's Degree,Free/Reduced,No,65,77,74
454,Male,Group C,Associate's Degree,Free/Reduced,No,65,58,49
455,Female,Group C,Associate's Degree,Free/Reduced,No,53,61,62
456,Male,Group C,Bachelor's Degree,Free/Reduced,No,37,56,47
457,Female,Group D,Bachelor's Degree,Standard,No,79,89,89
458,Male,Group D,Associate's Degree,Free/Reduced,No,53,54,48
459,Female,Group E,Bachelor's Degree,Standard,No,100,100,100
460,Male,Group B,High School,Standard,Yes,72,65,68
461,Male,Group C,Bachelor's Degree,Free/Reduced,No,53,58,55
462,Male,Group B,Associate's Degree,Free/Reduced,No,54,54,45
463,Female,Group E,Associate's Degree,Standard,No,71,70,76
464,Female,Group C,Associate's Degree,Free/Reduced,No,77,90,91
465,Male,Group A,Bachelor's Degree,Standard,Yes,75,58,62
466,Female,Group C,Associate's Degree,Standard,No,84,87,91
467,Female,Group D,Associate's Degree,Free/Reduced,No,26,31,38
468,Male,Group A,High School,Free/Reduced,Yes,72,67,65
469,Female,Group A,High School,Free/Reduced,Yes,77,88,85
470,Male,Group C,Associate's Degree,Standard,No,91,74,76
471,Female,Group C,Associate's Degree,Standard,Yes,83,85,90
472,Female,Group C,High School,Standard,No,63,69,74
473,Female,Group C,Associate's Degree,Standard,Yes,68,86,84
474,Female,Group D,High School,Standard,No,59,67,61
475,Female,Group B,Associate's Degree,Standard,Yes,90,90,91
476,Female,Group D,Bachelor's Degree,Standard,Yes,71,76,83
477,Male,Group E,Bachelor's Degree,Standard,Yes,76,62,66
478,Male,Group D,Associate's Degree,Standard,No,80,68,72
479,Female,Group D,Master's Degree,Standard,No,55,64,70
480,Male,Group E,Associate's Degree,Standard,No,76,71,67
481,Male,Group B,High School,Standard,Yes,73,71,68
482,Female,Group D,Associate's Degree,Free/Reduced,No,52,59,56
483,Male,Group C,Associate's Degree,Free/Reduced,No,68,68,61
484,Male,Group A,High School,Standard,No,59,52,46
485,Female,Group B,Associate's Degree,Standard,No,49,52,54
486,Male,Group C,High School,Standard,No,70,74,71
487,Male,Group D,Associate's Degree,Free/Reduced,No,61,47,56
488,Female,Group C,Associate's Degree,Free/Reduced,No,60,75,74
489,Male,Group B,High School,Standard,Yes,64,53,57
490,Male,Group A,Associate's Degree,Free/Reduced,Yes,79,82,82
491,Female,Group A,Associate's Degree,Free/Reduced,No,65,85,76
492,Female,Group C,Associate's Degree,Standard,No,64,64,70
493,Female,Group C,Associate's Degree,Standard,No,83,83,90
494,Female,Group C,Bachelor's Degree,Standard,No,81,88,90
495,Female,Group B,High School,Standard,No,54,64,68
496,Male,Group D,High School,Standard,Yes,68,64,66
497,Female,Group C,Associate's Degree,Standard,No,54,48,52
498,Female,Group D,Associate's Degree,Free/Reduced,Yes,59,78,76
499,Female,Group B,High School,Standard,No,66,69,68
500,Male,Group E,Associate's Degree,Standard,No,76,71,72
501,Female,Group D,Master's Degree,Standard,No,74,79,82
502,Female,Group B,Associate's Degree,Standard,Yes,94,87,92
503,Male,Group C,Associate's Degree,Free/Reduced,No,63,61,54
504,Female,Group E,Associate's Degree,Standard,Yes,95,89,92
505,Female,Group D,Master's Degree,Free/Reduced,No,40,59,54
506,Female,Group B,High School,Standard,No,82,82,80
507,Male,Group A,High School,Standard,No,68,70,66
508,Male,Group B,Bachelor's Degree,Free/Reduced,No,55,59,54
509,Male,Group C,Master's Degree,Standard,No,79,78,77
510,Female,Group C,Bachelor's Degree,Standard,No,86,92,87
511,Male,Group D,Associate's Degree,Standard,No,76,71,73
512,Male,Group A,High School,Standard,No,64,50,43
513,Male,Group D,High School,Free/Reduced,No,62,49,52
514,Female,Group B,High School,Standard,Yes,54,61,62
515,Female,Group B,Master's Degree,Free/Reduced,Yes,77,97,94
516,Female,Group C,High School,Standard,Yes,76,87,85
517,Female,Group D,Associate's Degree,Standard,No,74,89,84
518,Female,Group E,Associate's Degree,Standard,Yes,66,74,73
519,Female,Group D,High School,Standard,Yes,66,78,78
520,Female,Group B,High School,Free/Reduced,Yes,67,78,79
521,Male,Group D,Associate's Degree,Standard,No,71,49,52
522,Female,Group C,Associate's Degree,Standard,No,91,86,84
523,Male,Group D,Bachelor's Degree,Standard,No,69,58,57
524,Male,Group C,Master's Degree,Free/Reduced,No,54,59,50
525,Male,Group C,High School,Standard,Yes,53,52,49
526,Male,Group E,Associate's Degree,Standard,No,68,60,59
527,Male,Group C,High School,Free/Reduced,Yes,56,61,60
528,Female,Group C,High School,Free/Reduced,No,36,53,43
529,Female,Group D,Bachelor's Degree,Free/Reduced,No,29,41,47
530,Female,Group C,Associate's Degree,Standard,No,62,74,70
531,Female,Group C,Associate's Degree,Standard,Yes,68,67,73
532,Female,Group C,High School,Standard,No,47,54,53
533,Male,Group E,Associate's Degree,Standard,Yes,62,61,58
534,Female,Group E,Associate's Degree,Standard,Yes,79,88,94
535,Male,Group B,High School,Standard,Yes,73,69,68
536,Female,Group C,Bachelor's Degree,Free/Reduced,Yes,66,83,83
537,Male,Group C,Associate's Degree,Standard,Yes,51,60,58
538,Female,Group D,High School,Standard,No,51,66,62
539,Male,Group E,Bachelor's Degree,Standard,Yes,85,66,71
540,Male,Group A,Associate's Degree,Standard,Yes,97,92,86
541,Male,Group C,High School,Standard,Yes,75,69,68
542,Male,Group D,Associate's Degree,Free/Reduced,Yes,79,82,80
543,Female,Group C,Associate's Degree,Standard,No,81,77,79
544,Female,Group D,Associate's Degree,Standard,No,82,95,89
545,Female,Group D,Master's Degree,Standard,No,64,63,66
546,Male,Group E,High School,Free/Reduced,Yes,78,83,80
547,Female,Group A,High School,Standard,Yes,92,100,97
548,Male,Group C,High School,Standard,Yes,72,67,64
549,Female,Group C,High School,Free/Reduced,No,62,67,64
550,Male,Group C,Master's Degree,Standard,No,79,72,69
551,Male,Group C,High School,Free/Reduced,No,79,76,65
552,Male,Group B,Bachelor's Degree,Free/Reduced,Yes,87,90,88
553,Female,Group B,Associate's Degree,Standard,No,40,48,50
554,Male,Group D,Associate's Degree,Free/Reduced,No,77,62,64
555,Male,Group E,Associate's Degree,Standard,No,53,45,40
556,Female,Group C,Associate's Degree,Free/Reduced,No,32,39,33
557,Female,Group C,Associate's Degree,Standard,Yes,55,72,79
558,Male,Group C,Master's Degree,Free/Reduced,No,61,67,66
559,Female,Group B,Associate's Degree,Free/Reduced,No,53,70,70
560,Male,Group D,High School,Standard,No,73,66,62
561,Female,Group D,Associate's Degree,Standard,Yes,74,75,79
562,Female,Group C,Associate's Degree,Standard,No,63,74,74
563,Male,Group C,Bachelor's Degree,Standard,Yes,96,90,92
564,Female,Group D,Associate's Degree,Free/Reduced,Yes,63,80,80
565,Male,Group B,Bachelor's Degree,Free/Reduced,No,48,51,46
566,Male,Group B,Associate's Degree,Standard,No,48,43,45
567,Female,Group E,Bachelor's Degree,Free/Reduced,Yes,92,100,100
568,Female,Group D,Master's Degree,Free/Reduced,Yes,61,71,78
569,Male,Group B,High School,Free/Reduced,No,63,48,47
570,Male,Group D,Bachelor's Degree,Free/Reduced,No,68,68,67
571,Male,Group B,Associate's Degree,Standard,Yes,71,75,70
572,Male,Group A,Bachelor's Degree,Standard,No,91,96,92
573,Female,Group C,Associate's Degree,Standard,No,53,62,56
574,Female,Group C,High School,Free/Reduced,Yes,50,66,64
575,Female,Group E,High School,Standard,No,74,81,71
576,Male,Group A,Associate's Degree,Free/Reduced,Yes,40,55,53
577,Male,Group A,Associate's Degree,Standard,Yes,61,51,52
578,Female,Group B,High School,Standard,No,81,91,89
579,Female,Group B,Associate's Degree,Free/Reduced,Yes,48,56,58
580,Female,Group D,Master's Degree,Standard,No,53,61,68
581,Female,Group D,High School,Standard,No,81,97,96
582,Female,Group E,High School,Standard,No,77,79,80
583,Female,Group D,Bachelor's Degree,Free/Reduced,No,63,73,78
584,Female,Group D,Associate's Degree,Standard,Yes,73,75,80
585,Female,Group D,Associate's Degree,Standard,No,69,77,77
586,Female,Group C,Associate's Degree,Standard,No,65,76,76
587,Female,Group A,High School,Standard,No,55,73,73
588,Female,Group C,Bachelor's Degree,Free/Reduced,No,44,63,62
589,Female,Group C,Associate's Degree,Standard,No,54,64,65
590,Female,Group A,High School,Standard,No,48,66,65
591,Male,Group C,Associate's Degree,Free/Reduced,No,58,57,54
592,Male,Group A,High School,Standard,No,71,62,50
593,Male,Group E,Bachelor's Degree,Standard,No,68,68,64
594,Female,Group E,High School,Standard,No,74,76,73
595,Female,Group C,Bachelor's Degree,Standard,Yes,92,100,99
596,Female,Group C,Bachelor's Degree,Standard,Yes,56,79,72
597,Male,Group B,High School,Free/Reduced,No,30,24,15
598,Male,Group A,High School,Standard,No,53,54,48
599,Female,Group D,High School,Standard,No,69,77,73
600,Female,Group D,High School,Standard,No,65,82,81
601,Female,Group D,Master's Degree,Standard,No,54,60,63
602,Female,Group C,High School,Standard,No,29,29,30
603,Female,Group E,Associate's Degree,Standard,No,76,78,80
604,Male,Group D,High School,Free/Reduced,No,60,57,51
605,Male,Group D,Master's Degree,Free/Reduced,Yes,84,89,90
606,Male,Group C,High School,Standard,No,75,72,62
607,Female,Group C,Associate's Degree,Standard,No,85,84,82
608,Female,Group C,Master's Degree,Free/Reduced,No,40,58,54
609,Female,Group E,Associate's Degree,Standard,No,61,64,62
610,Female,Group B,Associate's Degree,Standard,No,58,63,65
611,Male,Group D,Associate's Degree,Free/Reduced,Yes,69,60,63
612,Female,Group C,Associate's Degree,Standard,No,58,59,66
613,Male,Group C,Bachelor's Degree,Standard,Yes,94,90,91
614,Female,Group C,Associate's Degree,Standard,No,65,77,74
615,Female,Group A,Associate's Degree,Standard,No,82,93,93
616,Female,Group C,High School,Standard,No,60,68,72
617,Female,Group E,Bachelor's Degree,Standard,No,37,45,38
618,Male,Group D,Bachelor's Degree,Standard,No,88,78,83
619,Male,Group D,Master's Degree,Standard,No,95,81,84
620,Male,Group C,Associate's Degree,Free/Reduced,Yes,65,73,68
621,Female,Group C,High School,Free/Reduced,No,35,61,54
622,Male,Group B,Bachelor's Degree,Free/Reduced,No,62,63,56
623,Male,Group C,High School,Free/Reduced,Yes,58,51,52
624,Male,Group A,Associate's Degree,Standard,Yes,100,96,86
625,Female,Group E,Bachelor's Degree,Free/Reduced,No,61,58,62
626,Male,Group D,Associate's Degree,Standard,Yes,100,97,99
627,Male,Group B,Associate's Degree,Free/Reduced,Yes,69,70,63
628,Male,Group D,Associate's Degree,Standard,No,61,48,46
629,Male,Group D,Associate's Degree,Free/Reduced,No,49,57,46
630,Female,Group C,High School,Standard,Yes,44,51,55
631,Male,Group D,Associate's Degree,Standard,No,67,64,70
632,Male,Group B,High School,Standard,No,79,60,65
633,Female,Group B,Bachelor's Degree,Standard,Yes,66,74,81
634,Female,Group C,High School,Standard,No,75,88,85
635,Male,Group D,High School,Standard,No,84,84,80
636,Male,Group A,High School,Standard,No,71,74,64
637,Female,Group B,High School,Free/Reduced,Yes,67,80,81
638,Female,Group D,High School,Standard,Yes,80,92,88
639,Male,Group E,Associate's Degree,Standard,No,86,76,74
640,Female,Group D,Associate's Degree,Standard,No,76,74,73
641,Male,Group D,High School,Standard,No,41,52,51
642,Female,Group D,Associate's Degree,Free/Reduced,Yes,74,88,90
643,Female,Group B,High School,Free/Reduced,No,72,81,79
644,Female,Group E,High School,Standard,Yes,74,79,80
645,Male,Group B,High School,Standard,No,70,65,60
646,Female,Group B,Bachelor's Degree,Standard,Yes,65,81,81
647,Female,Group D,Associate's Degree,Standard,No,59,70,65
648,Female,Group E,High School,Free/Reduced,No,64,62,68
649,Female,Group B,High School,Standard,No,50,53,55
650,Female,Group D,Associate's Degree,Standard,Yes,69,79,81
651,Male,Group C,High School,Free/Reduced,Yes,51,56,53
652,Female,Group A,High School,Standard,Yes,68,80,76
653,Female,Group D,Associate's Degree,Standard,Yes,85,86,98
654,Female,Group A,Associate's Degree,Standard,Yes,65,70,74
655,Female,Group B,High School,Standard,No,73,79,79
656,Female,Group B,Associate's Degree,Standard,No,62,67,67
657,Male,Group C,Associate's Degree,Free/Reduced,No,77,67,64
658,Male,Group D,High School,Standard,No,69,66,61
659,Female,Group D,Associate's Degree,Free/Reduced,No,43,60,58
660,Male,Group D,Associate's Degree,Standard,No,90,87,85
661,Male,Group C,Associate's Degree,Free/Reduced,No,74,77,73
662,Male,Group C,High School,Standard,No,73,66,63
663,Female,Group D,Associate's Degree,Free/Reduced,No,55,71,69
664,Female,Group C,High School,Standard,No,65,69,67
665,Male,Group D,Associate's Degree,Standard,No,80,63,63
666,Female,Group C,High School,Free/Reduced,Yes,50,60,60
667,Female,Group C,Associate's Degree,Free/Reduced,Yes,63,73,71
668,Female,Group B,Bachelor's Degree,Free/Reduced,No,77,85,87
669,Male,Group C,Associate's Degree,Standard,No,73,74,61
670,Male,Group D,Associate's Degree,Standard,Yes,81,72,77
671,Female,Group C,High School,Free/Reduced,No,66,76,68
672,Male,Group D,Associate's Degree,Free/Reduced,No,52,57,50
673,Female,Group C,Associate's Degree,Standard,No,69,78,76
674,Female,Group C,Associate's Degree,Standard,Yes,65,84,84
675,Female,Group D,High School,Standard,Yes,69,77,78
676,Female,Group B,Associate's Degree,Standard,Yes,50,64,66
677,Female,Group E,Associate's Degree,Standard,Yes,73,78,76
678,Female,Group C,High School,Standard,Yes,70,82,76
679,Male,Group D,Associate's Degree,Free/Reduced,No,81,75,78
680,Male,Group D,Associate's Degree,Free/Reduced,No,63,61,60
681,Female,Group D,High School,Standard,No,67,72,74
682,Male,Group B,High School,Standard,No,60,68,60
683,Male,Group B,High School,Standard,No,62,55,54
684,Female,Group C,High School,Free/Reduced,Yes,29,40,44
685,Male,Group B,Associate's Degree,Standard,Yes,62,66,68
686,Female,Group E,Master's Degree,Standard,Yes,94,99,100
687,Male,Group E,Associate's Degree,Standard,Yes,85,75,68
688,Male,Group D,Associate's Degree,Free/Reduced,No,77,78,73
689,Male,Group A,High School,Free/Reduced,No,53,58,44
690,Male,Group E,Associate's Degree,Free/Reduced,No,93,90,83
691,Female,Group C,Associate's Degree,Standard,No,49,53,53
692,Female,Group E,Associate's Degree,Free/Reduced,No,73,76,78
693,Female,Group C,Bachelor's Degree,Free/Reduced,Yes,66,74,81
694,Female,Group D,Associate's Degree,Standard,No,77,77,73
695,Female,Group C,High School,Standard,No,49,63,56
696,Female,Group D,Associate's Degree,Free/Reduced,No,79,89,86
697,Female,Group C,Associate's Degree,Standard,Yes,75,82,90
698,Female,Group A,Bachelor's Degree,Standard,No,59,72,70
699,Female,Group D,Associate's Degree,Standard,Yes,57,78,79
700,Male,Group C,High School,Free/Reduced,No,66,66,59
701,Female,Group E,Bachelor's Degree,Standard,Yes,79,81,82
702,Female,Group B,High School,Standard,No,57,67,72
703,Male,Group A,Bachelor's Degree,Standard,Yes,87,84,87
704,Female,Group D,Associate's Degree,Standard,No,63,64,67
705,Female,Group B,High School,Free/Reduced,Yes,59,63,64
706,Male,Group A,Bachelor's Degree,Free/Reduced,No,62,72,65
707,Male,Group D,High School,Standard,No,46,34,36
708,Male,Group C,Associate's Degree,Standard,No,66,59,52
709,Male,Group D,High School,Standard,No,89,87,79
710,Female,Group D,Associate's Degree,Free/Reduced,Yes,42,61,58
711,Male,Group C,Associate's Degree,Standard,Yes,93,84,90
712,Female,Group E,High School,Standard,Yes,80,85,85
713,Female,Group D,Associate's Degree,Standard,No,98,100,99
714,Male,Group D,Master's Degree,Standard,No,81,81,84
715,Female,Group B,High School,Standard,Yes,60,70,74
716,Female,Group B,Associate's Degree,Free/Reduced,Yes,76,94,87
717,Male,Group C,Associate's Degree,Standard,Yes,73,78,72
718,Female,Group C,Associate's Degree,Standard,Yes,96,96,99
719,Female,Group C,High School,Standard,No,76,76,74
720,Male,Group E,Associate's Degree,Free/Reduced,Yes,91,73,80
721,Female,Group C,Associate's Degree,Free/Reduced,No,62,72,70
722,Male,Group D,High School,Free/Reduced,Yes,55,59,59
723,Female,Group B,High School,Free/Reduced,Yes,74,90,88
724,Male,Group C,High School,Standard,No,50,48,42
725,Male,Group B,Associate's Degree,Standard,No,47,43,41
726,Male,Group E,Associate's Degree,Standard,Yes,81,74,71
727,Female,Group E,Associate's Degree,Standard,Yes,65,75,77
728,Male,Group E,High School,Standard,Yes,68,51,57
729,Female,Group D,High School,Free/Reduced,No,73,92,84
730,Male,Group C,Associate's Degree,Standard,No,53,39,37
731,Female,Group B,Associate's Degree,Free/Reduced,Yes,68,77,80
732,Male,Group A,High School,Free/Reduced,No,55,46,43
733,Female,Group C,Associate's Degree,Standard,Yes,87,89,94
734,Male,Group D,High School,Standard,No,55,47,44
735,Female,Group E,Associate's Degree,Free/Reduced,No,53,58,57
736,Male,Group C,Master's Degree,Standard,No,67,57,59
737,Male,Group C,Associate's Degree,Standard,No,92,79,84
738,Female,Group B,Associate's Degree,Free/Reduced,Yes,53,66,73
739,Male,Group D,Associate's Degree,Standard,No,81,71,73
740,Male,Group C,High School,Free/Reduced,No,61,60,55
741,Male,Group D,Bachelor's Degree,Standard,No,80,73,72
742,Female,Group A,Associate's Degree,Free/Reduced,No,37,57,56
743,Female,Group C,High School,Standard,No,81,84,82
744,Female,Group C,Associate's Degree,Standard,Yes,59,73,72
745,Male,Group B,Associate's Degree,Free/Reduced,No,55,55,47
746,Male,Group D,Associate's Degree,Standard,No,72,79,74
747,Male,Group D,High School,Standard,No,69,75,71
748,Male,Group C,Associate's Degree,Standard,No,69,64,68
749,Female,Group C,Bachelor's Degree,Free/Reduced,No,50,60,59
750,Male,Group B,Associate's Degree,Standard,Yes,87,84,86
751,Male,Group D,High School,Standard,Yes,71,69,68
752,Male,Group E,Associate's Degree,Standard,No,68,72,65
753,Male,Group C,Master's Degree,Free/Reduced,Yes,79,77,75
754,Female,Group C,High School,Standard,Yes,77,90,85
755,Male,Group C,Associate's Degree,Free/Reduced,No,58,55,53
756,Female,Group E,Associate's Degree,Standard,No,84,95,92
757,Male,Group D,Associate's Degree,Standard,No,55,58,52
758,Male,Group E,Bachelor's Degree,Free/Reduced,Yes,70,68,72
759,Female,Group D,Associate's Degree,Free/Reduced,Yes,52,59,65
760,Male,Group B,Associate's Degree,Standard,Yes,69,77,77
761,Female,Group C,High School,Free/Reduced,No,53,72,64
762,Female,Group D,High School,Standard,No,48,58,54
763,Male,Group D,High School,Standard,Yes,78,81,86
764,Female,Group B,High School,Standard,No,62,62,63
765,Male,Group D,Associate's Degree,Standard,No,60,63,59
766,Female,Group B,High School,Standard,No,74,72,72
767,Female,Group C,High School,Standard,Yes,58,75,77
768,Male,Group B,High School,Standard,Yes,76,62,60
769,Female,Group D,High School,Standard,No,68,71,75
770,Male,Group A,Associate's Degree,Free/Reduced,No,58,60,57
771,Male,Group B,High School,Standard,No,52,48,49
772,Male,Group D,Bachelor's Degree,Standard,No,75,73,74
773,Female,Group B,High School,Free/Reduced,Yes,52,67,72
774,Female,Group C,Bachelor's Degree,Free/Reduced,No,62,78,79
775,Male,Group B,Associate's Degree,Standard,No,66,65,60
776,Female,Group B,High School,Free/Reduced,No,49,58,55
777,Female,Group B,High School,Standard,No,66,72,70
778,Female,Group C,Associate's Degree,Free/Reduced,No,35,44,43
779,Female,Group A,Associate's Degree,Standard,Yes,72,79,82
780,Male,Group E,Associate's Degree,Standard,Yes,94,85,82
781,Female,Group D,Associate's Degree,Free/Reduced,No,46,56,57
782,Female,Group B,Master's Degree,Standard,No,77,90,84
783,Female,Group B,High School,Free/Reduced,Yes,76,85,82
784,Female,Group C,Associate's Degree,Standard,Yes,52,59,62
785,Male,Group C,Bachelor's Degree,Standard,Yes,91,81,79
786,Female,Group B,High School,Standard,Yes,32,51,44
787,Female,Group E,High School,Free/Reduced,No,72,79,77
788,Female,Group B,Associate's Degree,Standard,No,19,38,32
789,Male,Group C,Associate's Degree,Free/Reduced,No,68,65,61
790,Female,Group C,Master's Degree,Free/Reduced,No,52,65,61
791,Female,Group B,High School,Standard,No,48,62,60
792,Female,Group D,Associate's Degree,Free/Reduced,No,60,66,70
793,Male,Group D,High School,Free/Reduced,No,66,74,69
794,Male,Group E,High School,Standard,Yes,89,84,77
795,Female,Group B,High School,Standard,No,42,52,51
796,Female,Group E,Associate's Degree,Free/Reduced,Yes,57,68,73
797,Male,Group D,High School,Standard,No,70,70,70
798,Female,Group E,Associate's Degree,Free/Reduced,No,70,84,81
799,Male,Group E,Associate's Degree,Standard,No,69,60,54
800,Female,Group C,Associate's Degree,Standard,No,52,55,57
801,Male,Group C,High School,Standard,Yes,67,73,68
802,Male,Group C,High School,Standard,Yes,76,80,73
803,Female,Group E,Associate's Degree,Standard,No,87,94,95
804,Female,Group B,Associate's Degree,Standard,No,82,85,87
805,Female,Group C,Associate's Degree,Standard,No,73,76,78
806,Male,Group A,Associate's Degree,Free/Reduced,No,75,81,74
807,Female,Group D,Associate's Degree,Free/Reduced,No,64,74,75
808,Female,Group E,High School,Free/Reduced,No,41,45,40
809,Male,Group C,High School,Standard,No,90,75,69
810,Male,Group B,Bachelor's Degree,Standard,No,59,54,51
811,Male,Group A,High School,Standard,No,51,31,36
812,Male,Group A,High School,Free/Reduced,No,45,47,49
813,Female,Group C,Master's Degree,Standard,Yes,54,64,67
814,Male,Group E,High School,Standard,Yes,87,84,76
815,Female,Group C,High School,Standard,No,72,80,83
816,Male,Group B,High School,Standard,Yes,94,86,87
817,Female,Group A,Bachelor's Degree,Standard,No,45,59,64
818,Male,Group D,Bachelor's Degree,Free/Reduced,Yes,61,70,76
819,Female,Group B,High School,Free/Reduced,No,60,72,68
820,Female,Group C,High School,Standard,No,77,91,88
821,Female,Group A,High School,Standard,Yes,85,90,92
822,Female,Group D,Bachelor's Degree,Free/Reduced,No,78,90,93
823,Male,Group E,Associate's Degree,Free/Reduced,Yes,49,52,51
824,Female,Group B,High School,Free/Reduced,No,71,87,82
825,Female,Group C,High School,Free/Reduced,No,48,58,52
826,Male,Group C,High School,Standard,No,62,67,58
827,Female,Group C,Associate's Degree,Free/Reduced,Yes,56,68,70
828,Female,Group C,High School,Standard,No,65,69,76
829,Female,Group D,High School,Free/Reduced,Yes,69,86,81
830,Male,Group B,High School,Standard,No,68,54,53
831,Female,Group A,Associate's Degree,Free/Reduced,No,61,60,57
832,Female,Group C,Bachelor's Degree,Free/Reduced,Yes,74,86,89
833,Male,Group A,Bachelor's Degree,Standard,No,64,60,58
834,Female,Group B,High School,Standard,Yes,77,82,89
835,Male,Group B,Associate's Degree,Standard,No,58,50,45
836,Female,Group C,High School,Standard,Yes,60,64,74
837,Male,Group E,High School,Standard,No,73,64,57
838,Female,Group A,High School,Standard,Yes,75,82,79
839,Male,Group B,Associate's Degree,Free/Reduced,Yes,58,57,53
840,Female,Group C,Associate's Degree,Standard,No,66,77,73
841,Female,Group D,High School,Free/Reduced,No,39,52,46
842,Male,Group C,High School,Standard,No,64,58,51
843,Female,Group B,High School,Free/Reduced,Yes,23,44,36
844,Male,Group B,Associate's Degree,Free/Reduced,Yes,74,77,76
845,Female,Group D,High School,Free/Reduced,Yes,40,65,64
846,Male,Group E,Master's Degree,Standard,No,90,85,84
847,Male,Group C,Master's Degree,Standard,Yes,91,85,85
848,Male,Group D,High School,Standard,No,64,54,50
849,Female,Group C,High School,Standard,No,59,72,68
850,Male,Group D,Associate's Degree,Standard,No,80,75,69
851,Male,Group C,Master's Degree,Standard,No,71,67,67
852,Female,Group A,High School,Standard,No,61,68,63
853,Female,Group E,Associate's Degree,Standard,No,87,85,93
854,Male,Group E,High School,Standard,No,82,67,61
855,Male,Group C,High School,Standard,No,62,64,55
856,Female,Group B,Bachelor's Degree,Standard,No,97,97,96
857,Male,Group B,Associate's Degree,Free/Reduced,No,75,68,65
858,Female,Group C,Bachelor's Degree,Standard,No,65,79,81
859,Male,Group B,High School,Standard,Yes,52,49,46
860,Male,Group C,Associate's Degree,Free/Reduced,No,87,73,72
861,Female,Group C,Associate's Degree,Standard,No,53,62,53
862,Female,Group E,Master's Degree,Free/Reduced,No,81,86,87
863,Male,Group D,Bachelor's Degree,Free/Reduced,Yes,39,42,38
864,Female,Group C,Associate's Degree,Standard,Yes,71,71,80
865,Male,Group C,Associate's Degree,Standard,No,97,93,91
866,Male,Group D,Associate's Degree,Standard,Yes,82,82,88
867,Male,Group C,High School,Free/Reduced,No,59,53,52
868,Male,Group B,Associate's Degree,Standard,No,61,42,41
869,Male,Group E,Associate's Degree,Free/Reduced,Yes,78,74,72
870,Male,Group C,Associate's Degree,Free/Reduced,No,49,51,51
871,Male,Group B,High School,Standard,No,59,58,47
872,Female,Group C,Associate's Degree,Standard,Yes,70,72,76
873,Male,Group B,Associate's Degree,Standard,Yes,82,84,78
874,Male,Group E,Associate's Degree,Free/Reduced,No,90,90,82
875,Female,Group C,Bachelor's Degree,Free/Reduced,No,43,62,61
876,Male,Group C,Associate's Degree,Free/Reduced,No,80,64,66
877,Male,Group D,Associate's Degree,Standard,No,81,82,84
878,Male,Group C,High School,Standard,No,57,61,54
879,Female,Group D,High School,Standard,No,59,72,80
880,Female,Group D,Associate's Degree,Standard,No,64,76,74
881,Male,Group C,Bachelor's Degree,Standard,Yes,63,64,66
882,Female,Group E,Bachelor's Degree,Standard,Yes,71,70,70
883,Female,Group B,High School,Free/Reduced,No,64,73,71
884,Male,Group D,Bachelor's Degree,Free/Reduced,No,55,46,44
885,Female,Group E,Associate's Degree,Standard,No,51,51,54
886,Female,Group C,Associate's Degree,Standard,Yes,62,76,80
887,Female,Group E,Associate's Degree,Standard,Yes,93,100,95
888,Male,Group C,High School,Free/Reduced,No,54,72,59
889,Female,Group D,Associate's Degree,Free/Reduced,No,69,65,74
890,Male,Group D,High School,Free/Reduced,No,44,51,48
891,Female,Group E,Associate's Degree,Standard,Yes,86,85,91
892,Female,Group E,Associate's Degree,Standard,No,85,92,85
893,Female,Group A,Master's Degree,Free/Reduced,No,50,67,73
894,Male,Group D,High School,Standard,Yes,88,74,75
895,Female,Group E,Associate's Degree,Standard,No,59,62,69
896,Female,Group E,High School,Free/Reduced,No,32,34,38
897,Male,Group B,High School,Free/Reduced,No,36,29,27
898,Female,Group B,High School,Free/Reduced,Yes,63,78,79
899,Male,Group D,Associate's Degree,Standard,Yes,67,54,63
900,Female,Group D,High School,Standard,Yes,65,78,82
901,Male,Group D,Master's Degree,Standard,No,85,84,89
902,Female,Group C,Master's Degree,Standard,No,73,78,74
903,Female,Group A,High School,Free/Reduced,Yes,34,48,41
904,Female,Group D,Bachelor's Degree,Free/Reduced,Yes,93,100,100
905,Female,Group D,High School,Free/Reduced,No,67,84,84
906,Male,Group D,Associate's Degree,Standard,No,88,77,77
907,Male,Group B,High School,Standard,No,57,48,51
908,Female,Group D,Associate's Degree,Standard,Yes,79,84,91
909,Female,Group C,Bachelor's Degree,Free/Reduced,No,67,75,72
910,Male,Group E,Bachelor's Degree,Standard,Yes,70,64,70
911,Male,Group D,Bachelor's Degree,Free/Reduced,No,50,42,48
912,Female,Group A,Associate's Degree,Standard,No,69,84,82
913,Female,Group C,Bachelor's Degree,Standard,Yes,52,61,66
914,Female,Group C,Bachelor's Degree,Free/Reduced,Yes,47,62,66
915,Female,Group B,Associate's Degree,Free/Reduced,No,46,61,55
916,Female,Group E,Associate's Degree,Standard,No,68,70,66
917,Male,Group E,Bachelor's Degree,Standard,Yes,100,100,100
918,Female,Group C,High School,Standard,No,44,61,52
919,Female,Group C,Associate's Degree,Standard,Yes,57,77,80
920,Male,Group B,Associate's Degree,Standard,Yes,91,96,91
921,Male,Group D,High School,Free/Reduced,No,69,70,67
922,Female,Group C,High School,Free/Reduced,No,35,53,46
923,Male,Group D,High School,Standard,No,72,66,66
924,Female,Group B,Associate's Degree,Free/Reduced,No,54,65,65
925,Male,Group D,High School,Free/Reduced,No,74,70,69
926,Male,Group E,High School,Standard,Yes,74,64,60
927,Male,Group E,Associate's Degree,Free/Reduced,No,64,56,52
928,Female,Group D,High School,Free/Reduced,Yes,65,61,71
929,Male,Group E,Associate's Degree,Free/Reduced,Yes,46,43,44
930,Female,Group C,High School,Free/Reduced,No,48,56,51
931,Male,Group C,Associate's Degree,Free/Reduced,Yes,67,74,70
932,Male,Group D,Associate's Degree,Free/Reduced,No,62,57,62
933,Male,Group D,Associate's Degree,Free/Reduced,Yes,61,71,73
934,Male,Group C,Bachelor's Degree,Free/Reduced,Yes,70,75,74
935,Male,Group C,Associate's Degree,Standard,Yes,98,87,90
936,Male,Group D,Associate's Degree,Free/Reduced,No,70,63,58
937,Male,Group A,Associate's Degree,Standard,No,67,57,53
938,Female,Group E,High School,Free/Reduced,No,57,58,57
939,Male,Group D,Associate's Degree,Standard,Yes,85,81,85
940,Male,Group D,High School,Standard,Yes,77,68,69
941,Male,Group C,Master's Degree,Free/Reduced,Yes,72,66,72
942,Female,Group D,Master's Degree,Standard,No,78,91,96
943,Male,Group C,High School,Standard,No,81,66,64
944,Male,Group A,High School,Free/Reduced,Yes,61,62,61
945,Female,Group B,High School,Standard,No,58,68,61
946,Female,Group C,Associate's Degree,Standard,No,54,61,58
947,Male,Group B,High School,Standard,No,82,82,80
948,Female,Group D,Associate's Degree,Free/Reduced,No,49,58,60
949,Male,Group B,High School,Free/Reduced,Yes,49,50,52
950,Female,Group E,High School,Free/Reduced,Yes,57,75,73
951,Male,Group E,High School,Standard,No,94,73,71
952,Female,Group D,Associate's Degree,Standard,Yes,75,77,83
953,Female,Group E,High School,Free/Reduced,No,74,74,72
954,Male,Group C,High School,Standard,Yes,58,52,54
955,Female,Group C,Associate's Degree,Standard,No,62,69,69
956,Male,Group E,Associate's Degree,Standard,No,72,57,62
957,Male,Group C,Associate's Degree,Standard,No,84,87,81
958,Female,Group D,Master's Degree,Standard,No,92,100,100
959,Female,Group D,High School,Standard,No,45,63,59
960,Male,Group C,High School,Standard,No,75,81,71
961,Female,Group A,Associate's Degree,Standard,No,56,58,64
962,Female,Group D,High School,Free/Reduced,No,48,54,53
963,Female,Group E,Associate's Degree,Standard,No,100,100,100
964,Female,Group C,High School,Free/Reduced,Yes,65,76,75
965,Male,Group D,Associate's Degree,Standard,No,72,57,58
966,Female,Group D,Associate's Degree,Standard,No,62,70,72
967,Male,Group A,High School,Standard,Yes,66,68,64
968,Male,Group C,Associate's Degree,Standard,No,63,63,60
969,Female,Group E,Associate's Degree,Standard,No,68,76,67
970,Female,Group B,Bachelor's Degree,Standard,No,75,84,80
971,Female,Group D,Bachelor's Degree,Standard,No,89,100,100
972,Male,Group C,High School,Standard,Yes,78,72,69
973,Female,Group A,High School,Free/Reduced,Yes,53,50,60
974,Female,Group D,Associate's Degree,Free/Reduced,No,49,65,61
975,Female,Group A,Associate's Degree,Standard,No,54,63,67
976,Female,Group C,Associate's Degree,Standard,Yes,64,82,77
977,Male,Group B,Associate's Degree,Free/Reduced,Yes,60,62,60
978,Male,Group C,Associate's Degree,Standard,No,62,65,58
979,Male,Group D,High School,Standard,Yes,55,41,48
980,Female,Group C,Associate's Degree,Standard,No,91,95,94
981,Female,Group B,High School,Free/Reduced,No,8,24,23
982,Male,Group D,High School,Standard,No,81,78,78
983,Male,Group B,High School,Standard,Yes,79,85,86
984,Female,Group A,Associate's Degree,Standard,Yes,78,87,91
985,Female,Group C,High School,Standard,No,74,75,82
986,Male,Group A,High School,Standard,No,57,51,54
987,Female,Group C,Associate's Degree,Standard,No,40,59,51
988,Male,Group E,High School,Standard,Yes,81,75,76
989,Female,Group A,High School,Free/Reduced,No,44,45,45
990,Female,Group D,Associate's Degree,Free/Reduced,Yes,67,86,83
991,Male,Group E,High School,Free/Reduced,Yes,86,81,75
992,Female,Group B,High School,Standard,Yes,65,82,78
993,Female,Group D,Associate's Degree,Free/Reduced,No,55,76,76
994,Female,Group D,Bachelor's Degree,Free/Reduced,No,62,72,74
995,Male,Group A,High School,Standard,No,63,63,62
996,Female,Group E,Master's Degree,Standard,Yes,88,99,95
997,Male,Group C,High School,Free/Reduced,No,62,55,55
998,Female,Group C,High School,Free/Reduced,Yes,59,71,65
999,Female,Group D,Associate's Degree,Standard,Yes,68,78,77
1000,Female,Group D,Associate's Degree,Free/Reduced,No,77,86,86
